{
 "baseUrl":"support/slwebview_files",
 "homeHid":1,
 "initialElement":"",
 "sections":[
  {
   "hid":1,
   "sid":"house_thermal_model",
   "name":"house_thermal_model",
   "fullname":"house_thermal_model",
   "label":"house_thermal_model",
   "parent":0,
   "descendants":[
    2,
    3,
    4,
    5,
    6,
    7,
    8,
    9,
    10
   ],
   "hierarchyUrl":"support/slwebview_files/house_thermal_model_h_1.json",
   "backingUrl":"support/slwebview_files/house_thermal_model_m.json"
  }
 ],
 "optViews":[
  {
   "id":"requirements",
   "name":"Requirements",
   "icon":"house_thermal_model6"
  }
 ],
 "display":{
  "informer":true
 },
 "iconsUrl":"support/slwebview_files/house_thermal_model_icons.css"
}