[
 {
  "sid":"house_thermal_model:3835",
  "className":"Simulink.Outport",
  "icon":"house_thermal_model3",
  "name":"Out1",
  "label":"Out1",
  "parent":"house_thermal_model:3832",
  "inspector":{
   "params":[
    "Port",
    "IconDisplay",
    "OutMin",
    "OutMax",
    "OutDataTypeStr",
    "LockScale",
    "Unit",
    "PortDimensions",
    "VarSizeSig",
    "SampleTime",
    "SignalType",
    "BusOutputAsStruct",
    "EnsureOutportIsVirtual",
    "InitialOutput",
    "MustResolveToSignalObject",
    "OutputWhenDisabled",
    "OutputWhenUnConnected",
    "OutputWhenUnconnectedValue",
    "SignalName",
    "SignalObject",
    "SourceOfInitialOutputValue",
    "StorageClass",
    "VectorParamsAs1DForOutWhenUnconnected"
   ],
   "values":[
    "1",
    "Port number",
    "[]",
    "[]",
    "Inherit: auto",
    "off",
    "inherit",
    "-1",
    "Inherit",
    "-1",
    "auto",
    "off",
    "off",
    "[]",
    "off",
    "held",
    "off",
    "0",
    "",
    [
    ],
    "Dialog",
    "Auto",
    "off"
   ],
   "tabs":[
    "Main",
    "Signal Attributes",
    "-Other"
   ],
   "tabs_idx":[
    0,
    2,
    11
   ]
  },
  "viewer":{
   "jshandler":"webview/handlers/ElementHandler"
  },
  "obj_viewer":[
  ],
  "finder":{
   "blocktype":"Outport",
   "masktype":""
  },
  "views":{
   "requirements":{
    "informer":"<p> No Requirements </p>",
    "viewer":[
    ]
   }
  }
 },
 {
  "sid":"house_thermal_model:3834",
  "className":"Simulink.TriggerPort",
  "icon":"house_thermal_model3",
  "name":"Trigger",
  "label":"Trigger",
  "parent":"house_thermal_model:3832",
  "inspector":{
   "params":[
    "TriggerType",
    "StatesWhenEnabling",
    "ShowOutputPort",
    "OutputDataType",
    "SampleTimeType",
    "SampleTime",
    "ZeroCross",
    "InitialTriggerSignalState",
    "PortDimensions",
    "TriggerSignalSampleTime",
    "OutMin",
    "OutMax",
    "OutDataTypeStr",
    "Interpolate",
    "FunctionName",
    "FunctionPrototype",
    "FunctionVisibility",
    "GeneratePreprocessorConditionals",
    "IsSimulinkFunction",
    "PropagateVarSize",
    "Variant",
    "VariantControl"
   ],
   "values":[
    "rising",
    "held",
    "off",
    "auto",
    "triggered",
    "1",
    "on",
    "compatibility (no trigger on first evaluation)",
    "-1",
    "-1",
    "[]",
    "[]",
    "Inherit: auto",
    "on",
    "",
    "f()",
    "global",
    "off",
    "off",
    "During execution",
    "off",
    "Variant"
   ],
   "tabs":[
    "Main",
    "Signal Attributes",
    "-Other"
   ],
   "tabs_idx":[
    0,
    8,
    14
   ]
  },
  "viewer":{
   "jshandler":"webview/handlers/ElementHandler"
  },
  "obj_viewer":[
  ],
  "finder":{
   "blocktype":"TriggerPort",
   "masktype":""
  },
  "views":{
   "requirements":{
    "informer":"<p> No Requirements </p>",
    "viewer":[
    ]
   }
  }
 },
 {
  "sid":"house_thermal_model:3836",
  "className":"Simulink.SubSystem",
  "icon":"house_thermal_model4",
  "name":"GetUpper Prediction",
  "label":"GetUpper Prediction",
  "parent":"house_thermal_model:3832",
  "inspector":{
   "params":[
    "ShowPortLabels",
    "Permissions",
    "TreatAsAtomicUnit",
    "MinAlgLoopOccurrences",
    "SystemSampleTime",
    "TreatAsGroupedWhenPropagatingVariantConditions",
    "RTWSystemCode",
    "AllowZeroVariantControls",
    "BlockChoice",
    "CompiledActiveChoiceBlock",
    "CompiledActiveChoiceControl",
    "ErrorFcn",
    "ExecutionDomainType",
    "FunctionInterfaceSpec",
    "FunctionWithSeparateData",
    "GeneratePreprocessorConditionals",
    "IsSubsystemVirtual",
    "LabelModeActiveChoice",
    "MemberBlocks",
    "PartitionName",
    "PermitHierarchicalResolution",
    "PropExecContextOutsideSubsystem",
    "PropagateVariantConditions",
    "RTWFcnName",
    "RTWFcnNameOpts",
    "RTWFileName",
    "RTWFileNameOpts",
    "RTWMemSecDataConstants",
    "RTWMemSecDataInternal",
    "RTWMemSecDataParameters",
    "RTWMemSecFuncExecute",
    "RTWMemSecFuncInitTerm",
    "ScheduleAs",
    "SetExecutionDomain",
    "TemplateBlock",
    "Variant",
    "VariantControl",
    "VariantControlMode"
   ],
   "values":[
    "FromPortIcon",
    "ReadWrite",
    "on",
    "off",
    "-1",
    "on",
    "Auto",
    "off",
    "",
    "",
    "",
    "Stateflow.Translate.translate",
    "Deduce",
    "void_void",
    "off",
    "off",
    "off",
    "",
    "",
    "",
    "ExplicitOnly",
    "off",
    "off",
    "",
    "Auto",
    "",
    "Auto",
    "Inherit from model",
    "Inherit from model",
    "Inherit from model",
    "Inherit from model",
    "Inherit from model",
    "Sample time",
    "off",
    "",
    "off",
    "",
    "Expression"
   ],
   "tabs":[
    "Main",
    "Code Generation",
    "-Other"
   ],
   "tabs_idx":[
    0,
    6,
    7
   ]
  },
  "viewer":{
   "jshandler":"webview/handlers/ElementHandler"
  },
  "obj_viewer":{
   "code":"function y = fcn(T_predicted)\ny=T_predicted;\ncoder.extrinsic('evalin')\ny = evalin('base','T_pred');\n\n",
   "code_sid":"house_thermal_model:3836:1"
  },
  "finder":{
   "blocktype":"SubSystem",
   "masktype":""
  },
  "views":{
   "requirements":{
    "informer":"<p> No Requirements </p>",
    "viewer":[
    ]
   }
  }
 },
 {
  "sid":"house_thermal_model:3838",
  "className":"Simulink.Constant",
  "icon":"house_thermal_model3",
  "name":"Constant",
  "label":"Constant",
  "parent":"house_thermal_model:3832",
  "inspector":{
   "params":[
    "Value",
    "VectorParams1D",
    "SampleTime",
    "OutMin",
    "OutMax",
    "OutDataTypeStr",
    "LockScale",
    "FramePeriod"
   ],
   "values":[
    "T_pred",
    "on",
    "inf",
    "[]",
    "[]",
    "Inherit: Inherit from 'Constant value'",
    "off",
    "inf"
   ],
   "tabs":[
    "Main",
    "Signal Attributes",
    "-Other"
   ],
   "tabs_idx":[
    0,
    3,
    7
   ]
  },
  "viewer":{
   "jshandler":"webview/handlers/ElementHandler"
  },
  "obj_viewer":[
  ],
  "finder":{
   "blocktype":"Constant",
   "masktype":""
  },
  "views":{
   "requirements":{
    "informer":"<p> No Requirements </p>",
    "viewer":[
    ]
   }
  }
 },
 {
  "sid":"house_thermal_model:3836#out:1",
  "className":"Simulink.Line",
  "icon":"house_thermal_model5",
  "name":"",
  "label":"",
  "parent":"house_thermal_model:3832",
  "inspector":{
   "params":[
    "SignalNameFromLabel",
    "MustResolveToSignal",
    "ShowPropagatedSignal",
    "DataLogging",
    "TestPoint",
    "SignalObjectPackage",
    "StorageClass",
    "Description",
    "documentLink"
   ],
   "values":[
    "",
    "off",
    "off",
    "off",
    "off",
    "Simulink",
    "Auto",
    "",
    ""
   ],
   "tabs":[
    "Parameter Attributes",
    "Logging and Accessibility",
    "Code Generation",
    "Documentation"
   ],
   "tabs_idx":[
    0,
    3,
    5,
    7
   ]
  },
  "viewer":{
   "jshandler":"webview/handlers/ElementHandler"
  },
  "obj_viewer":[
  ],
  "finder":[
  ],
  "views":{
   "requirements":{
    "informer":[
    ],
    "viewer":[
    ]
   }
  }
 },
 {
  "sid":"house_thermal_model:3838#out:1",
  "className":"Simulink.Line",
  "icon":"house_thermal_model5",
  "name":"",
  "label":"",
  "parent":"house_thermal_model:3832",
  "inspector":{
   "params":[
    "SignalNameFromLabel",
    "MustResolveToSignal",
    "ShowPropagatedSignal",
    "DataLogging",
    "TestPoint",
    "SignalObjectPackage",
    "StorageClass",
    "Description",
    "documentLink"
   ],
   "values":[
    "",
    "off",
    "off",
    "off",
    "off",
    "Simulink",
    "Auto",
    "",
    ""
   ],
   "tabs":[
    "Parameter Attributes",
    "Logging and Accessibility",
    "Code Generation",
    "Documentation"
   ],
   "tabs_idx":[
    0,
    3,
    5,
    7
   ]
  },
  "viewer":{
   "jshandler":"webview/handlers/ElementHandler"
  },
  "obj_viewer":[
  ],
  "finder":[
  ],
  "views":{
   "requirements":{
    "informer":[
    ],
    "viewer":[
    ]
   }
  }
 }
]