[
 {
  "hid":1,
  "sid":"house_thermal_model",
  "esid":"",
  "parent":0,
  "children":[
   2,
   6,
   9
  ],
  "name":"house_thermal_model",
  "fullname":"house_thermal_model",
  "label":"house_thermal_model",
  "icon":"house_thermal_model0",
  "svg":"support/slwebview_files/house_thermal_model_d.svg",
  "thumbnail":"support/slwebview_files/house_thermal_model_d.png",
  "backingUrl":"support/slwebview_files/house_thermal_model_d.json",
  "elements":[
   ":38",
   ":17",
   ":32",
   ":30",
   ":29",
   ":27",
   ":8",
   ":5",
   ":2",
   ":1",
   ":81",
   ":82",
   ":138",
   ":142",
   ":150",
   ":152",
   ":153",
   ":154",
   ":155",
   ":156",
   ":157",
   ":158",
   ":159",
   ":178",
   ":179",
   ":275",
   ":553",
   ":576",
   ":577",
   ":579",
   ":864",
   ":866",
   ":1130",
   ":1990",
   ":1992",
   ":2263",
   ":2438",
   ":2439",
   ":2565",
   ":2955",
   ":2956",
   ":2960",
   ":2961",
   ":3075",
   ":3622",
   ":3825",
   ":17#out:1",
   ":5#out:1",
   ":1#out:1",
   ":8#out:1",
   ":576#out:1",
   ":81#out:1",
   ":30#out:1",
   ":82#out:1",
   ":2#out:1",
   ":2439#out:1",
   ":138#out:1",
   ":8#out:3",
   ":17#out:2",
   ":153#out:1",
   ":27#out:1",
   ":155#out:1",
   ":157#out:1",
   ":156#out:1",
   ":142#out:1",
   ":178#out:1",
   ":179#out:1",
   ":1130#out:1",
   ":275#out:1",
   ":154#out:1",
   ":553#out:1",
   ":2956#out:1",
   ":577#out:1",
   ":579#out:1",
   ":275#out:2",
   ":1990#out:1",
   ":2263#out:1",
   ":32#out:1",
   ":2438#out:1",
   ":8#out:2",
   ":8#out:4",
   ":2565#out:1",
   ":2955#out:1",
   ":3075#out:1",
   ":2961#out:1",
   ":2960#out:1",
   ":152#out:1"
  ],
  "sameAsElement":false
 },
 {
  "hid":2,
  "sid":"house_thermal_model:8",
  "esid":"house_thermal_model:8",
  "parent":1,
  "children":[
   3,
   4,
   5
  ],
  "name":"Heater",
  "fullname":"house_thermal_model/Heater",
  "label":"Heater",
  "icon":"house_thermal_model2",
  "svg":"support/slwebview_files/house_thermal_model_8_d.svg",
  "thumbnail":"support/slwebview_files/house_thermal_model_8_d.png",
  "backingUrl":"support/slwebview_files/house_thermal_model_8_d.json",
  "elements":[
   ":16",
   ":15",
   ":14",
   ":10",
   ":9",
   ":53",
   ":54",
   ":55",
   ":92",
   ":107",
   ":116",
   ":122",
   ":123",
   ":149",
   ":294",
   ":593",
   ":2264",
   ":2563",
   ":3618",
   ":3620",
   ":10#out:1",
   ":14#out:1",
   ":9#out:1",
   ":55#out:1",
   ":92#out:1",
   ":107#out:1",
   ":53#out:1",
   ":122#out:1",
   ":116#out:1",
   ":123#out:1",
   ":294#out:1",
   ":593#out:1",
   ":2264#out:1",
   ":3618#out:1",
   ":3620#out:1"
  ],
  "sameAsElement":true
 },
 {
  "hid":3,
  "sid":"house_thermal_model:116",
  "esid":"house_thermal_model:116",
  "parent":2,
  "children":[
  ],
  "name":"Heat \nGeneration",
  "fullname":"house_thermal_model/Heater/Heat  Generation",
  "label":"Heat  Generation",
  "icon":"house_thermal_model2",
  "svg":"support/slwebview_files/house_thermal_model_116_d.svg",
  "thumbnail":"support/slwebview_files/house_thermal_model_116_d.png",
  "backingUrl":"support/slwebview_files/house_thermal_model_116_d.json",
  "elements":[
   ":120",
   ":117",
   ":121",
   ":117#out:1",
   ":120#out:1"
  ],
  "sameAsElement":true
 },
 {
  "hid":4,
  "sid":"house_thermal_model:107",
  "esid":"house_thermal_model:107",
  "parent":2,
  "children":[
  ],
  "name":"Heat Conduction",
  "fullname":"house_thermal_model/Heater/Heat Conduction",
  "label":"Heat Conduction",
  "icon":"house_thermal_model2",
  "svg":"support/slwebview_files/house_thermal_model_107_d.svg",
  "thumbnail":"support/slwebview_files/house_thermal_model_107_d.png",
  "backingUrl":"support/slwebview_files/house_thermal_model_107_d.json",
  "elements":[
   ":105",
   ":108",
   ":109",
   ":108#out:1",
   ":105#out:1"
  ],
  "sameAsElement":true
 },
 {
  "hid":5,
  "sid":"house_thermal_model:92",
  "esid":"house_thermal_model:92",
  "parent":2,
  "children":[
  ],
  "name":"dT Floor from dQ Floor",
  "fullname":"house_thermal_model/Heater/dT Floor from dQ Floor",
  "label":"dT Floor from dQ Floor",
  "icon":"house_thermal_model2",
  "svg":"support/slwebview_files/house_thermal_model_92_d.svg",
  "thumbnail":"support/slwebview_files/house_thermal_model_92_d.png",
  "backingUrl":"support/slwebview_files/house_thermal_model_92_d.json",
  "elements":[
   ":50",
   ":93",
   ":94",
   ":50#out:1",
   ":93#out:1"
  ],
  "sameAsElement":true
 },
 {
  "hid":6,
  "sid":"house_thermal_model:17",
  "esid":"house_thermal_model:17",
  "parent":1,
  "children":[
   7,
   8
  ],
  "name":"House",
  "fullname":"house_thermal_model/House",
  "label":"House",
  "icon":"house_thermal_model2",
  "svg":"support/slwebview_files/house_thermal_model_17_d.svg",
  "thumbnail":"support/slwebview_files/house_thermal_model_17_d.png",
  "backingUrl":"support/slwebview_files/house_thermal_model_17_d.json",
  "elements":[
   ":3791",
   ":25",
   ":24",
   ":21",
   ":19",
   ":18",
   ":59",
   ":71",
   ":87",
   ":100",
   ":129",
   ":140",
   ":141",
   ":151",
   ":574",
   ":19#out:1",
   ":24#out:1",
   ":18#out:1",
   ":59#out:1",
   ":71#out:1",
   ":100#out:1",
   ":87#out:1",
   ":129#out:1",
   ":140#out:1",
   ":21#out:1",
   ":141#out:1",
   ":574#out:1"
  ],
  "sameAsElement":true
 },
 {
  "hid":7,
  "sid":"house_thermal_model:129",
  "esid":"house_thermal_model:129",
  "parent":6,
  "children":[
  ],
  "name":"Heat Capcity of Air\n",
  "fullname":"house_thermal_model/House/Heat Capcity of Air ",
  "label":"Heat Capcity of Air ",
  "icon":"house_thermal_model2",
  "svg":"support/slwebview_files/house_thermal_model_129_d.svg",
  "thumbnail":"support/slwebview_files/house_thermal_model_129_d.png",
  "backingUrl":"support/slwebview_files/house_thermal_model_129_d.json",
  "elements":[
   ":127",
   ":128",
   ":130",
   ":131",
   ":127#out:1",
   ":130#out:1",
   ":128#out:1"
  ],
  "sameAsElement":true
 },
 {
  "hid":8,
  "sid":"house_thermal_model:100",
  "esid":"house_thermal_model:100",
  "parent":6,
  "children":[
  ],
  "name":"House temerature change",
  "fullname":"house_thermal_model/House/House temerature change",
  "label":"House temerature change",
  "icon":"house_thermal_model2",
  "svg":"support/slwebview_files/house_thermal_model_100_d.svg",
  "thumbnail":"support/slwebview_files/house_thermal_model_100_d.png",
  "backingUrl":"support/slwebview_files/house_thermal_model_100_d.json",
  "elements":[
   ":20",
   ":90",
   ":101",
   ":102",
   ":103",
   ":20#out:1",
   ":101#out:1",
   ":90#out:1",
   ":102#out:1"
  ],
  "sameAsElement":true
 },
 {
  "hid":9,
  "sid":"house_thermal_model:275",
  "esid":"house_thermal_model:275",
  "parent":1,
  "children":[
   10
  ],
  "name":"NN Thermostat\n",
  "fullname":"house_thermal_model/NN Thermostat ",
  "label":"NN Thermostat ",
  "icon":"house_thermal_model2",
  "svg":"support/slwebview_files/house_thermal_model_275_d.svg",
  "thumbnail":"support/slwebview_files/house_thermal_model_275_d.png",
  "backingUrl":"support/slwebview_files/house_thermal_model_275_d.json",
  "elements":[
   ":3793",
   ":276",
   ":278",
   ":280",
   ":379",
   ":865",
   ":1039",
   ":1131",
   ":2957",
   ":2958",
   ":2959",
   ":3794",
   ":3800",
   ":3829",
   ":3830",
   ":3831",
   ":3832",
   ":278#out:1",
   ":2958#out:1",
   ":1131#out:1",
   ":1039#out:1",
   ":2959#out:1",
   ":2957#out:1",
   ":3794#out:1",
   ":3830#out:1",
   ":3831#out:1",
   ":276#out:1",
   ":379#out:1",
   ":3832#out:1"
  ],
  "sameAsElement":true
 },
 {
  "hid":10,
  "sid":"house_thermal_model:3832",
  "esid":"house_thermal_model:3832",
  "parent":9,
  "children":[
  ],
  "name":"UpperPrediction",
  "fullname":"house_thermal_model/NN Thermostat /UpperPrediction",
  "label":"UpperPrediction",
  "icon":"house_thermal_model2",
  "svg":"support/slwebview_files/house_thermal_model_3832_d.svg",
  "thumbnail":"support/slwebview_files/house_thermal_model_3832_d.png",
  "backingUrl":"support/slwebview_files/house_thermal_model_3832_d.json",
  "elements":[
   ":3835",
   ":3834",
   ":3836",
   ":3838",
   ":3836#out:1",
   ":3838#out:1"
  ],
  "sameAsElement":true
 }
]