[
 {
  "sid":"house_thermal_model",
  "className":"Simulink.BlockDiagram",
  "icon":"house_thermal_model0",
  "name":"house_thermal_model",
  "label":"house_thermal_model",
  "parent":"",
  "inspector":{
   "params":[
    "ModelVersion",
    "LastModifiedDate",
    "LibraryLinkDisplay",
    "ModelBrowserVisibility",
    "Dirty",
    "Description"
   ],
   "values":[
    "1.557",
    "Mon May 20 18:54:04 2019",
    "user",
    "on",
    "off",
    "\n"
   ],
   "tabs":[
   ],
   "tabs_idx":[
   ]
  },
  "viewer":{
   "jshandler":"webview/handlers/ElementHandler"
  },
  "obj_viewer":[
  ],
  "finder":[
  ],
  "views":{
   "requirements":{
    "informer":"<p> No Requirements </p>",
    "viewer":[
    ]
   }
  }
 },
 {
  "sid":"house_thermal_model:8",
  "className":"Simulink.SubSystem",
  "icon":"house_thermal_model2",
  "name":"Heater",
  "label":"Heater",
  "parent":"house_thermal_model",
  "inspector":{
   "params":[
    "ShowPortLabels",
    "BlockChoice",
    "TemplateBlock",
    "MemberBlocks",
    "Permissions",
    "ErrorFcn",
    "PermitHierarchicalResolution",
    "TreatAsAtomicUnit",
    "MinAlgLoopOccurrences",
    "PropExecContextOutsideSubsystem",
    "ScheduleAs",
    "PartitionName",
    "SystemSampleTime",
    "SetExecutionDomain",
    "ExecutionDomainType",
    "RTWSystemCode",
    "RTWFcnNameOpts",
    "RTWFcnName",
    "RTWFileNameOpts",
    "RTWFileName",
    "FunctionInterfaceSpec",
    "FunctionWithSeparateData",
    "RTWMemSecFuncInitTerm",
    "RTWMemSecFuncExecute",
    "RTWMemSecDataConstants",
    "RTWMemSecDataInternal",
    "RTWMemSecDataParameters",
    "IsSubsystemVirtual",
    "VariantControlMode",
    "Variant",
    "VariantControl",
    "LabelModeActiveChoice",
    "GeneratePreprocessorConditionals",
    "AllowZeroVariantControls",
    "PropagateVariantConditions",
    "CompiledActiveChoiceControl",
    "CompiledActiveChoiceBlock",
    "TreatAsGroupedWhenPropagatingVariantConditions"
   ],
   "values":[
    "FromPortIcon",
    "",
    "",
    "",
    "ReadWrite",
    "",
    "All",
    "off",
    "on",
    "off",
    "Sample time",
    "",
    "-1",
    "off",
    "Deduce",
    "Auto",
    "Auto",
    "",
    "Auto",
    "",
    "void_void",
    "off",
    "Inherit from model",
    "Inherit from model",
    "Inherit from model",
    "Inherit from model",
    "Inherit from model",
    "on",
    "Expression",
    "off",
    "",
    "",
    "off",
    "off",
    "off",
    "",
    "",
    "on"
   ],
   "tabs":[
   ],
   "tabs_idx":[
   ]
  },
  "viewer":{
   "jshandler":"webview/handlers/ElementHandler"
  },
  "obj_viewer":[
  ],
  "finder":{
   "blocktype":"SubSystem",
   "masktype":""
  },
  "views":{
   "requirements":{
    "informer":"<p> No Requirements </p>",
    "viewer":[
    ]
   }
  }
 },
 {
  "sid":"house_thermal_model:116",
  "className":"Simulink.SubSystem",
  "icon":"house_thermal_model2",
  "name":"Heat  Generation",
  "label":"Heat  Generation",
  "parent":"house_thermal_model:8",
  "inspector":{
   "params":[
    "ShowPortLabels",
    "Permissions",
    "TreatAsAtomicUnit",
    "MinAlgLoopOccurrences",
    "SystemSampleTime",
    "TreatAsGroupedWhenPropagatingVariantConditions",
    "RTWSystemCode",
    "AllowZeroVariantControls",
    "BlockChoice",
    "CompiledActiveChoiceBlock",
    "CompiledActiveChoiceControl",
    "ErrorFcn",
    "ExecutionDomainType",
    "FunctionInterfaceSpec",
    "FunctionWithSeparateData",
    "GeneratePreprocessorConditionals",
    "IsSubsystemVirtual",
    "LabelModeActiveChoice",
    "MemberBlocks",
    "PartitionName",
    "PermitHierarchicalResolution",
    "PropExecContextOutsideSubsystem",
    "PropagateVariantConditions",
    "RTWFcnName",
    "RTWFcnNameOpts",
    "RTWFileName",
    "RTWFileNameOpts",
    "RTWMemSecDataConstants",
    "RTWMemSecDataInternal",
    "RTWMemSecDataParameters",
    "RTWMemSecFuncExecute",
    "RTWMemSecFuncInitTerm",
    "ScheduleAs",
    "SetExecutionDomain",
    "TemplateBlock",
    "Variant",
    "VariantControl",
    "VariantControlMode"
   ],
   "values":[
    "FromPortIcon",
    "ReadWrite",
    "off",
    "off",
    "-1",
    "on",
    "Auto",
    "off",
    "",
    "",
    "",
    "",
    "Deduce",
    "void_void",
    "off",
    "off",
    "on",
    "",
    "",
    "",
    "All",
    "off",
    "off",
    "",
    "Auto",
    "",
    "Auto",
    "Inherit from model",
    "Inherit from model",
    "Inherit from model",
    "Inherit from model",
    "Inherit from model",
    "Sample time",
    "off",
    "",
    "off",
    "",
    "Expression"
   ],
   "tabs":[
    "Main",
    "Code Generation",
    "-Other"
   ],
   "tabs_idx":[
    0,
    6,
    7
   ]
  },
  "viewer":{
   "jshandler":"webview/handlers/ElementHandler"
  },
  "obj_viewer":[
  ],
  "finder":{
   "blocktype":"SubSystem",
   "masktype":""
  },
  "views":{
   "requirements":{
    "informer":"<p> No Requirements </p>",
    "viewer":[
    ]
   }
  }
 },
 {
  "sid":"house_thermal_model:107",
  "className":"Simulink.SubSystem",
  "icon":"house_thermal_model2",
  "name":"Heat Conduction",
  "label":"Heat Conduction",
  "parent":"house_thermal_model:8",
  "inspector":{
   "params":[
    "ShowPortLabels",
    "Permissions",
    "TreatAsAtomicUnit",
    "MinAlgLoopOccurrences",
    "SystemSampleTime",
    "TreatAsGroupedWhenPropagatingVariantConditions",
    "RTWSystemCode",
    "AllowZeroVariantControls",
    "BlockChoice",
    "CompiledActiveChoiceBlock",
    "CompiledActiveChoiceControl",
    "ErrorFcn",
    "ExecutionDomainType",
    "FunctionInterfaceSpec",
    "FunctionWithSeparateData",
    "GeneratePreprocessorConditionals",
    "IsSubsystemVirtual",
    "LabelModeActiveChoice",
    "MemberBlocks",
    "PartitionName",
    "PermitHierarchicalResolution",
    "PropExecContextOutsideSubsystem",
    "PropagateVariantConditions",
    "RTWFcnName",
    "RTWFcnNameOpts",
    "RTWFileName",
    "RTWFileNameOpts",
    "RTWMemSecDataConstants",
    "RTWMemSecDataInternal",
    "RTWMemSecDataParameters",
    "RTWMemSecFuncExecute",
    "RTWMemSecFuncInitTerm",
    "ScheduleAs",
    "SetExecutionDomain",
    "TemplateBlock",
    "Variant",
    "VariantControl",
    "VariantControlMode"
   ],
   "values":[
    "FromPortIcon",
    "ReadWrite",
    "off",
    "off",
    "-1",
    "on",
    "Auto",
    "off",
    "",
    "",
    "",
    "",
    "Deduce",
    "void_void",
    "off",
    "off",
    "on",
    "",
    "",
    "",
    "All",
    "off",
    "off",
    "",
    "Auto",
    "",
    "Auto",
    "Inherit from model",
    "Inherit from model",
    "Inherit from model",
    "Inherit from model",
    "Inherit from model",
    "Sample time",
    "off",
    "",
    "off",
    "",
    "Expression"
   ],
   "tabs":[
    "Main",
    "Code Generation",
    "-Other"
   ],
   "tabs_idx":[
    0,
    6,
    7
   ]
  },
  "viewer":{
   "jshandler":"webview/handlers/ElementHandler"
  },
  "obj_viewer":[
  ],
  "finder":{
   "blocktype":"SubSystem",
   "masktype":""
  },
  "views":{
   "requirements":{
    "informer":"<p> No Requirements </p>",
    "viewer":[
    ]
   }
  }
 },
 {
  "sid":"house_thermal_model:92",
  "className":"Simulink.SubSystem",
  "icon":"house_thermal_model2",
  "name":"dT Floor from dQ Floor",
  "label":"dT Floor from dQ Floor",
  "parent":"house_thermal_model:8",
  "inspector":{
   "params":[
    "ShowPortLabels",
    "Permissions",
    "TreatAsAtomicUnit",
    "MinAlgLoopOccurrences",
    "SystemSampleTime",
    "TreatAsGroupedWhenPropagatingVariantConditions",
    "RTWSystemCode",
    "AllowZeroVariantControls",
    "BlockChoice",
    "CompiledActiveChoiceBlock",
    "CompiledActiveChoiceControl",
    "ErrorFcn",
    "ExecutionDomainType",
    "FunctionInterfaceSpec",
    "FunctionWithSeparateData",
    "GeneratePreprocessorConditionals",
    "IsSubsystemVirtual",
    "LabelModeActiveChoice",
    "MemberBlocks",
    "PartitionName",
    "PermitHierarchicalResolution",
    "PropExecContextOutsideSubsystem",
    "PropagateVariantConditions",
    "RTWFcnName",
    "RTWFcnNameOpts",
    "RTWFileName",
    "RTWFileNameOpts",
    "RTWMemSecDataConstants",
    "RTWMemSecDataInternal",
    "RTWMemSecDataParameters",
    "RTWMemSecFuncExecute",
    "RTWMemSecFuncInitTerm",
    "ScheduleAs",
    "SetExecutionDomain",
    "TemplateBlock",
    "Variant",
    "VariantControl",
    "VariantControlMode"
   ],
   "values":[
    "FromPortIcon",
    "ReadWrite",
    "off",
    "off",
    "-1",
    "on",
    "Auto",
    "off",
    "",
    "",
    "",
    "",
    "Deduce",
    "void_void",
    "off",
    "off",
    "on",
    "",
    "",
    "",
    "All",
    "off",
    "off",
    "",
    "Auto",
    "",
    "Auto",
    "Inherit from model",
    "Inherit from model",
    "Inherit from model",
    "Inherit from model",
    "Inherit from model",
    "Sample time",
    "off",
    "",
    "off",
    "",
    "Expression"
   ],
   "tabs":[
    "Main",
    "Code Generation",
    "-Other"
   ],
   "tabs_idx":[
    0,
    6,
    7
   ]
  },
  "viewer":{
   "jshandler":"webview/handlers/ElementHandler"
  },
  "obj_viewer":[
  ],
  "finder":{
   "blocktype":"SubSystem",
   "masktype":""
  },
  "views":{
   "requirements":{
    "informer":"<p> No Requirements </p>",
    "viewer":[
    ]
   }
  }
 },
 {
  "sid":"house_thermal_model:17",
  "className":"Simulink.SubSystem",
  "icon":"house_thermal_model2",
  "name":"House",
  "label":"House",
  "parent":"house_thermal_model",
  "inspector":{
   "params":[
    "ShowPortLabels",
    "BlockChoice",
    "TemplateBlock",
    "MemberBlocks",
    "Permissions",
    "ErrorFcn",
    "PermitHierarchicalResolution",
    "TreatAsAtomicUnit",
    "MinAlgLoopOccurrences",
    "PropExecContextOutsideSubsystem",
    "ScheduleAs",
    "PartitionName",
    "SystemSampleTime",
    "SetExecutionDomain",
    "ExecutionDomainType",
    "RTWSystemCode",
    "RTWFcnNameOpts",
    "RTWFcnName",
    "RTWFileNameOpts",
    "RTWFileName",
    "FunctionInterfaceSpec",
    "FunctionWithSeparateData",
    "RTWMemSecFuncInitTerm",
    "RTWMemSecFuncExecute",
    "RTWMemSecDataConstants",
    "RTWMemSecDataInternal",
    "RTWMemSecDataParameters",
    "IsSubsystemVirtual",
    "VariantControlMode",
    "Variant",
    "VariantControl",
    "LabelModeActiveChoice",
    "GeneratePreprocessorConditionals",
    "AllowZeroVariantControls",
    "PropagateVariantConditions",
    "CompiledActiveChoiceControl",
    "CompiledActiveChoiceBlock",
    "TreatAsGroupedWhenPropagatingVariantConditions"
   ],
   "values":[
    "FromPortIcon",
    "",
    "",
    "",
    "ReadWrite",
    "",
    "All",
    "off",
    "on",
    "off",
    "Sample time",
    "",
    "-1",
    "off",
    "Deduce",
    "Auto",
    "Auto",
    "",
    "Auto",
    "",
    "void_void",
    "off",
    "Inherit from model",
    "Inherit from model",
    "Inherit from model",
    "Inherit from model",
    "Inherit from model",
    "on",
    "Expression",
    "off",
    "",
    "",
    "off",
    "off",
    "off",
    "",
    "",
    "on"
   ],
   "tabs":[
   ],
   "tabs_idx":[
   ]
  },
  "viewer":{
   "jshandler":"webview/handlers/ElementHandler"
  },
  "obj_viewer":[
  ],
  "finder":{
   "blocktype":"SubSystem",
   "masktype":""
  },
  "views":{
   "requirements":{
    "informer":"<p> No Requirements </p>",
    "viewer":[
    ]
   }
  }
 },
 {
  "sid":"house_thermal_model:129",
  "className":"Simulink.SubSystem",
  "icon":"house_thermal_model2",
  "name":"Heat Capcity of Air ",
  "label":"Heat Capcity of Air ",
  "parent":"house_thermal_model:17",
  "inspector":{
   "params":[
    "ShowPortLabels",
    "Permissions",
    "TreatAsAtomicUnit",
    "MinAlgLoopOccurrences",
    "SystemSampleTime",
    "TreatAsGroupedWhenPropagatingVariantConditions",
    "RTWSystemCode",
    "AllowZeroVariantControls",
    "BlockChoice",
    "CompiledActiveChoiceBlock",
    "CompiledActiveChoiceControl",
    "ErrorFcn",
    "ExecutionDomainType",
    "FunctionInterfaceSpec",
    "FunctionWithSeparateData",
    "GeneratePreprocessorConditionals",
    "IsSubsystemVirtual",
    "LabelModeActiveChoice",
    "MemberBlocks",
    "PartitionName",
    "PermitHierarchicalResolution",
    "PropExecContextOutsideSubsystem",
    "PropagateVariantConditions",
    "RTWFcnName",
    "RTWFcnNameOpts",
    "RTWFileName",
    "RTWFileNameOpts",
    "RTWMemSecDataConstants",
    "RTWMemSecDataInternal",
    "RTWMemSecDataParameters",
    "RTWMemSecFuncExecute",
    "RTWMemSecFuncInitTerm",
    "ScheduleAs",
    "SetExecutionDomain",
    "TemplateBlock",
    "Variant",
    "VariantControl",
    "VariantControlMode"
   ],
   "values":[
    "FromPortIcon",
    "ReadWrite",
    "off",
    "off",
    "-1",
    "on",
    "Auto",
    "off",
    "",
    "",
    "",
    "",
    "Deduce",
    "void_void",
    "off",
    "off",
    "on",
    "",
    "",
    "",
    "All",
    "off",
    "off",
    "",
    "Auto",
    "",
    "Auto",
    "Inherit from model",
    "Inherit from model",
    "Inherit from model",
    "Inherit from model",
    "Inherit from model",
    "Sample time",
    "off",
    "",
    "off",
    "",
    "Expression"
   ],
   "tabs":[
    "Main",
    "Code Generation",
    "-Other"
   ],
   "tabs_idx":[
    0,
    6,
    7
   ]
  },
  "viewer":{
   "jshandler":"webview/handlers/ElementHandler"
  },
  "obj_viewer":[
  ],
  "finder":{
   "blocktype":"SubSystem",
   "masktype":""
  },
  "views":{
   "requirements":{
    "informer":"<p> No Requirements </p>",
    "viewer":[
    ]
   }
  }
 },
 {
  "sid":"house_thermal_model:100",
  "className":"Simulink.SubSystem",
  "icon":"house_thermal_model2",
  "name":"House temerature change",
  "label":"House temerature change",
  "parent":"house_thermal_model:17",
  "inspector":{
   "params":[
    "ShowPortLabels",
    "Permissions",
    "TreatAsAtomicUnit",
    "MinAlgLoopOccurrences",
    "SystemSampleTime",
    "TreatAsGroupedWhenPropagatingVariantConditions",
    "RTWSystemCode",
    "AllowZeroVariantControls",
    "BlockChoice",
    "CompiledActiveChoiceBlock",
    "CompiledActiveChoiceControl",
    "ErrorFcn",
    "ExecutionDomainType",
    "FunctionInterfaceSpec",
    "FunctionWithSeparateData",
    "GeneratePreprocessorConditionals",
    "IsSubsystemVirtual",
    "LabelModeActiveChoice",
    "MemberBlocks",
    "PartitionName",
    "PermitHierarchicalResolution",
    "PropExecContextOutsideSubsystem",
    "PropagateVariantConditions",
    "RTWFcnName",
    "RTWFcnNameOpts",
    "RTWFileName",
    "RTWFileNameOpts",
    "RTWMemSecDataConstants",
    "RTWMemSecDataInternal",
    "RTWMemSecDataParameters",
    "RTWMemSecFuncExecute",
    "RTWMemSecFuncInitTerm",
    "ScheduleAs",
    "SetExecutionDomain",
    "TemplateBlock",
    "Variant",
    "VariantControl",
    "VariantControlMode"
   ],
   "values":[
    "FromPortIcon",
    "ReadWrite",
    "off",
    "off",
    "-1",
    "on",
    "Auto",
    "off",
    "",
    "",
    "",
    "",
    "Deduce",
    "void_void",
    "off",
    "off",
    "on",
    "",
    "",
    "",
    "All",
    "off",
    "off",
    "",
    "Auto",
    "",
    "Auto",
    "Inherit from model",
    "Inherit from model",
    "Inherit from model",
    "Inherit from model",
    "Inherit from model",
    "Sample time",
    "off",
    "",
    "off",
    "",
    "Expression"
   ],
   "tabs":[
    "Main",
    "Code Generation",
    "-Other"
   ],
   "tabs_idx":[
    0,
    6,
    7
   ]
  },
  "viewer":{
   "jshandler":"webview/handlers/ElementHandler"
  },
  "obj_viewer":[
  ],
  "finder":{
   "blocktype":"SubSystem",
   "masktype":""
  },
  "views":{
   "requirements":{
    "informer":"<p> No Requirements </p>",
    "viewer":[
    ]
   }
  }
 },
 {
  "sid":"house_thermal_model:275",
  "className":"Simulink.SubSystem",
  "icon":"house_thermal_model2",
  "name":"NN Thermostat ",
  "label":"NN Thermostat ",
  "parent":"house_thermal_model",
  "inspector":{
   "params":[
    "ShowPortLabels",
    "BlockChoice",
    "TemplateBlock",
    "MemberBlocks",
    "Permissions",
    "ErrorFcn",
    "PermitHierarchicalResolution",
    "TreatAsAtomicUnit",
    "MinAlgLoopOccurrences",
    "PropExecContextOutsideSubsystem",
    "ScheduleAs",
    "PartitionName",
    "SystemSampleTime",
    "SetExecutionDomain",
    "ExecutionDomainType",
    "RTWSystemCode",
    "RTWFcnNameOpts",
    "RTWFcnName",
    "RTWFileNameOpts",
    "RTWFileName",
    "FunctionInterfaceSpec",
    "FunctionWithSeparateData",
    "RTWMemSecFuncInitTerm",
    "RTWMemSecFuncExecute",
    "RTWMemSecDataConstants",
    "RTWMemSecDataInternal",
    "RTWMemSecDataParameters",
    "IsSubsystemVirtual",
    "VariantControlMode",
    "Variant",
    "VariantControl",
    "LabelModeActiveChoice",
    "GeneratePreprocessorConditionals",
    "AllowZeroVariantControls",
    "PropagateVariantConditions",
    "CompiledActiveChoiceControl",
    "CompiledActiveChoiceBlock",
    "TreatAsGroupedWhenPropagatingVariantConditions"
   ],
   "values":[
    "FromPortIcon",
    "",
    "",
    "",
    "ReadWrite",
    "",
    "All",
    "off",
    "on",
    "off",
    "Sample time",
    "",
    "-1",
    "off",
    "Deduce",
    "Auto",
    "Auto",
    "",
    "Auto",
    "",
    "void_void",
    "off",
    "Inherit from model",
    "Inherit from model",
    "Inherit from model",
    "Inherit from model",
    "Inherit from model",
    "on",
    "Expression",
    "off",
    "",
    "",
    "off",
    "off",
    "off",
    "",
    "",
    "on"
   ],
   "tabs":[
   ],
   "tabs_idx":[
   ]
  },
  "viewer":{
   "jshandler":"webview/handlers/ElementHandler"
  },
  "obj_viewer":[
  ],
  "finder":{
   "blocktype":"SubSystem",
   "masktype":""
  },
  "views":{
   "requirements":{
    "informer":"<p> No Requirements </p>",
    "viewer":[
    ]
   }
  }
 },
 {
  "sid":"house_thermal_model:3832",
  "className":"Simulink.SubSystem",
  "icon":"house_thermal_model2",
  "name":"UpperPrediction",
  "label":"UpperPrediction",
  "parent":"house_thermal_model:275",
  "inspector":{
   "params":[
    "ShowPortLabels",
    "Permissions",
    "TreatAsAtomicUnit",
    "MinAlgLoopOccurrences",
    "SystemSampleTime",
    "TreatAsGroupedWhenPropagatingVariantConditions",
    "RTWSystemCode",
    "AllowZeroVariantControls",
    "BlockChoice",
    "CompiledActiveChoiceBlock",
    "CompiledActiveChoiceControl",
    "ErrorFcn",
    "ExecutionDomainType",
    "FunctionInterfaceSpec",
    "FunctionWithSeparateData",
    "GeneratePreprocessorConditionals",
    "IsSubsystemVirtual",
    "LabelModeActiveChoice",
    "MemberBlocks",
    "PartitionName",
    "PermitHierarchicalResolution",
    "PropExecContextOutsideSubsystem",
    "PropagateVariantConditions",
    "RTWFcnName",
    "RTWFcnNameOpts",
    "RTWFileName",
    "RTWFileNameOpts",
    "RTWMemSecDataConstants",
    "RTWMemSecDataInternal",
    "RTWMemSecDataParameters",
    "RTWMemSecFuncExecute",
    "RTWMemSecFuncInitTerm",
    "ScheduleAs",
    "SetExecutionDomain",
    "TemplateBlock",
    "Variant",
    "VariantControl",
    "VariantControlMode"
   ],
   "values":[
    "FromPortIcon",
    "ReadWrite",
    "on",
    "off",
    "-1",
    "on",
    "Auto",
    "off",
    "",
    "",
    "",
    "",
    "Deduce",
    "void_void",
    "off",
    "off",
    "off",
    "",
    "",
    "",
    "All",
    "off",
    "off",
    "",
    "Auto",
    "",
    "Auto",
    "Inherit from model",
    "Inherit from model",
    "Inherit from model",
    "Inherit from model",
    "Inherit from model",
    "Sample time",
    "off",
    "",
    "off",
    "",
    "Expression"
   ],
   "tabs":[
    "Main",
    "Code Generation",
    "-Other"
   ],
   "tabs_idx":[
    0,
    6,
    7
   ]
  },
  "viewer":{
   "jshandler":"webview/handlers/ElementHandler"
  },
  "obj_viewer":[
  ],
  "finder":{
   "blocktype":"SubSystem",
   "masktype":""
  },
  "views":{
   "requirements":{
    "informer":"<p> No Requirements </p>",
    "viewer":[
    ]
   }
  }
 }
]