[
 {
  "sid":"house_thermal_model:3793",
  "className":"Simulink.Annotation",
  "icon":"house_thermal_model1",
  "name":"Upper: dummy Lower: smart",
  "label":"Upper: dummy Lower: smart",
  "parent":"house_thermal_model:275",
  "inspector":{
   "params":[
    "Text",
    "DropShadow",
    "Interpreter",
    "FontName",
    "FontWeight",
    "FontSize",
    "FontAngle",
    "ForegroundColor",
    "BackgroundColor",
    "HorizontalAlignment",
    "UseDisplayTextAsClickCallback",
    "ClickFcn"
   ],
   "values":[
    "Upper: dummy\nLower: smart",
    "off",
    "off",
    "auto",
    "auto",
    -1,
    "auto",
    "black",
    "white",
    "left",
    "off",
    ""
   ],
   "tabs":[
   ],
   "tabs_idx":[
   ]
  },
  "viewer":{
   "jshandler":"webview/handlers/ElementHandler"
  },
  "obj_viewer":[
  ],
  "finder":[
  ],
  "views":{
   "requirements":{
    "informer":"<p> No Requirements </p>",
    "viewer":[
    ]
   }
  }
 },
 {
  "sid":"house_thermal_model:276",
  "className":"Simulink.Inport",
  "icon":"house_thermal_model3",
  "name":"T_Set",
  "label":"T_Set",
  "parent":"house_thermal_model:275",
  "inspector":{
   "params":[
    "Port",
    "IconDisplay",
    "LatchByDelayingOutsideSignal",
    "LatchInputForFeedbackSignals",
    "Interpolate",
    "OutputFunctionCall",
    "OutMin",
    "OutMax",
    "OutDataTypeStr",
    "LockScale",
    "Unit",
    "PortDimensions",
    "VarSizeSig",
    "SampleTime",
    "SignalType",
    "BusOutputAsStruct",
    "InputConnect"
   ],
   "values":[
    "1",
    "Port number",
    "off",
    "off",
    "on",
    "off",
    "[]",
    "[]",
    "Inherit: auto",
    "off",
    "inherit",
    "-1",
    "Inherit",
    "-1",
    "auto",
    "off",
    ""
   ],
   "tabs":[
    "Main",
    "Signal Attributes",
    "-Other"
   ],
   "tabs_idx":[
    0,
    5,
    15
   ]
  },
  "viewer":{
   "jshandler":"webview/handlers/ElementHandler"
  },
  "obj_viewer":[
  ],
  "finder":{
   "blocktype":"Inport",
   "masktype":""
  },
  "views":{
   "requirements":{
    "informer":"<p> No Requirements </p>",
    "viewer":[
    ]
   }
  }
 },
 {
  "sid":"house_thermal_model:278",
  "className":"Simulink.Inport",
  "icon":"house_thermal_model3",
  "name":"T_Room",
  "label":"T_Room",
  "parent":"house_thermal_model:275",
  "inspector":{
   "params":[
    "Port",
    "IconDisplay",
    "LatchByDelayingOutsideSignal",
    "LatchInputForFeedbackSignals",
    "Interpolate",
    "OutputFunctionCall",
    "OutMin",
    "OutMax",
    "OutDataTypeStr",
    "LockScale",
    "Unit",
    "PortDimensions",
    "VarSizeSig",
    "SampleTime",
    "SignalType",
    "BusOutputAsStruct",
    "InputConnect"
   ],
   "values":[
    "2",
    "Port number",
    "off",
    "off",
    "on",
    "off",
    "[]",
    "[]",
    "Inherit: auto",
    "off",
    "inherit",
    "-1",
    "Inherit",
    "-1",
    "auto",
    "off",
    ""
   ],
   "tabs":[
    "Main",
    "Signal Attributes",
    "-Other"
   ],
   "tabs_idx":[
    0,
    5,
    15
   ]
  },
  "viewer":{
   "jshandler":"webview/handlers/ElementHandler"
  },
  "obj_viewer":[
  ],
  "finder":{
   "blocktype":"Inport",
   "masktype":""
  },
  "views":{
   "requirements":{
    "informer":"<p> No Requirements </p>",
    "viewer":[
    ]
   }
  }
 },
 {
  "sid":"house_thermal_model:280",
  "className":"Simulink.Outport",
  "icon":"house_thermal_model3",
  "name":"Out1",
  "label":"Out1",
  "parent":"house_thermal_model:275",
  "inspector":{
   "params":[
    "Port",
    "IconDisplay",
    "OutMin",
    "OutMax",
    "OutDataTypeStr",
    "LockScale",
    "Unit",
    "PortDimensions",
    "VarSizeSig",
    "SampleTime",
    "SignalType",
    "BusOutputAsStruct",
    "EnsureOutportIsVirtual",
    "InitialOutput",
    "MustResolveToSignalObject",
    "OutputWhenDisabled",
    "OutputWhenUnConnected",
    "OutputWhenUnconnectedValue",
    "SignalName",
    "SignalObject",
    "SourceOfInitialOutputValue",
    "StorageClass",
    "VectorParamsAs1DForOutWhenUnconnected"
   ],
   "values":[
    "1",
    "Port number",
    "[]",
    "[]",
    "Inherit: auto",
    "off",
    "inherit",
    "-1",
    "Inherit",
    "-1",
    "auto",
    "off",
    "off",
    "[]",
    "off",
    "held",
    "off",
    "0",
    "",
    [
    ],
    "Dialog",
    "Auto",
    "off"
   ],
   "tabs":[
    "Main",
    "Signal Attributes",
    "-Other"
   ],
   "tabs_idx":[
    0,
    2,
    11
   ]
  },
  "viewer":{
   "jshandler":"webview/handlers/ElementHandler"
  },
  "obj_viewer":[
  ],
  "finder":{
   "blocktype":"Outport",
   "masktype":""
  },
  "views":{
   "requirements":{
    "informer":"<p> No Requirements </p>",
    "viewer":[
    ]
   }
  }
 },
 {
  "sid":"house_thermal_model:379",
  "className":"Simulink.Switch",
  "icon":"house_thermal_model3",
  "name":"Switch",
  "label":"Switch",
  "parent":"house_thermal_model:275",
  "inspector":{
   "params":[
    "Criteria",
    "Threshold",
    "ZeroCross",
    "InputSameDT",
    "OutMin",
    "OutMax",
    "OutDataTypeStr",
    "LockScale",
    "RndMeth",
    "SaturateOnIntegerOverflow",
    "AllowDiffInputSizes",
    "SampleTime"
   ],
   "values":[
    "u2 > Threshold",
    "0",
    "on",
    "off",
    "[]",
    "[]",
    "Inherit: Inherit via internal rule",
    "off",
    "Floor",
    "off",
    "off",
    "-1"
   ],
   "tabs":[
    "Main",
    "Signal Attributes",
    "-Other"
   ],
   "tabs_idx":[
    0,
    3,
    11
   ]
  },
  "viewer":{
   "jshandler":"webview/handlers/ElementHandler"
  },
  "obj_viewer":[
  ],
  "finder":{
   "blocktype":"Switch",
   "masktype":""
  },
  "views":{
   "requirements":{
    "informer":"<p> No Requirements </p>",
    "viewer":[
    ]
   }
  }
 },
 {
  "sid":"house_thermal_model:865",
  "className":"Simulink.Outport",
  "icon":"house_thermal_model3",
  "name":"Out2",
  "label":"Out2",
  "parent":"house_thermal_model:275",
  "inspector":{
   "params":[
    "Port",
    "IconDisplay",
    "OutMin",
    "OutMax",
    "OutDataTypeStr",
    "LockScale",
    "Unit",
    "PortDimensions",
    "VarSizeSig",
    "SampleTime",
    "SignalType",
    "BusOutputAsStruct",
    "EnsureOutportIsVirtual",
    "InitialOutput",
    "MustResolveToSignalObject",
    "OutputWhenDisabled",
    "OutputWhenUnConnected",
    "OutputWhenUnconnectedValue",
    "SignalName",
    "SignalObject",
    "SourceOfInitialOutputValue",
    "StorageClass",
    "VectorParamsAs1DForOutWhenUnconnected"
   ],
   "values":[
    "2",
    "Port number",
    "[]",
    "[]",
    "Inherit: auto",
    "off",
    "inherit",
    "-1",
    "Inherit",
    "-1",
    "auto",
    "off",
    "off",
    "[]",
    "off",
    "held",
    "off",
    "0",
    "",
    [
    ],
    "Dialog",
    "Auto",
    "off"
   ],
   "tabs":[
    "Main",
    "Signal Attributes",
    "-Other"
   ],
   "tabs_idx":[
    0,
    2,
    11
   ]
  },
  "viewer":{
   "jshandler":"webview/handlers/ElementHandler"
  },
  "obj_viewer":[
  ],
  "finder":{
   "blocktype":"Outport",
   "masktype":""
  },
  "views":{
   "requirements":{
    "informer":"<p> No Requirements </p>",
    "viewer":[
    ]
   }
  }
 },
 {
  "sid":"house_thermal_model:1039",
  "className":"Simulink.UnitDelay",
  "icon":"house_thermal_model3",
  "name":"Unit Delay3",
  "label":"Unit Delay3",
  "parent":"house_thermal_model:275",
  "inspector":{
   "params":[
    "InitialCondition",
    "InputProcessing",
    "SampleTime",
    "StateName",
    "StateMustResolveToSignalObject",
    "StateSignalObjectClass",
    "StateStorageClass",
    "CodeGenStateStorageTypeQualifier",
    "StateSignalObject"
   ],
   "values":[
    "0",
    "Elements as channels (sample based)",
    "-1",
    "",
    "off",
    "Simulink.Signal",
    "Auto",
    "",
    [
    ]
   ],
   "tabs":[
    "Main",
    "State Attributes",
    "-Other"
   ],
   "tabs_idx":[
    0,
    3,
    7
   ]
  },
  "viewer":{
   "jshandler":"webview/handlers/ElementHandler"
  },
  "obj_viewer":[
  ],
  "finder":{
   "blocktype":"UnitDelay",
   "masktype":""
  },
  "views":{
   "requirements":{
    "informer":"<p> No Requirements </p>",
    "viewer":[
    ]
   }
  }
 },
 {
  "sid":"house_thermal_model:1131",
  "className":"Simulink.ManualSwitch",
  "icon":"house_thermal_model3",
  "name":"Thermostat Type",
  "label":"Thermostat Type",
  "parent":"house_thermal_model:275",
  "inspector":{
   "params":[
    "varsize",
    "SampleTime"
   ],
   "values":[
    "off",
    "-1"
   ],
   "tabs":[
    "Parameter Attributes",
    "-Other"
   ],
   "tabs_idx":[
    0,
    1
   ]
  },
  "viewer":{
   "jshandler":"webview/handlers/ElementHandler"
  },
  "obj_viewer":[
  ],
  "finder":{
   "blocktype":"ManualSwitch",
   "masktype":""
  },
  "views":{
   "requirements":{
    "informer":"<p> No Requirements </p>",
    "viewer":[
    ]
   }
  }
 },
 {
  "sid":"house_thermal_model:2957",
  "className":"Simulink.Inport",
  "icon":"house_thermal_model3",
  "name":"Upper Histerezis",
  "label":"Upper Histerezis",
  "parent":"house_thermal_model:275",
  "inspector":{
   "params":[
    "Port",
    "IconDisplay",
    "LatchByDelayingOutsideSignal",
    "LatchInputForFeedbackSignals",
    "Interpolate",
    "OutputFunctionCall",
    "OutMin",
    "OutMax",
    "OutDataTypeStr",
    "LockScale",
    "Unit",
    "PortDimensions",
    "VarSizeSig",
    "SampleTime",
    "SignalType",
    "BusOutputAsStruct",
    "InputConnect"
   ],
   "values":[
    "3",
    "Port number",
    "off",
    "off",
    "on",
    "off",
    "[]",
    "[]",
    "Inherit: auto",
    "off",
    "inherit",
    "-1",
    "Inherit",
    "-1",
    "auto",
    "off",
    ""
   ],
   "tabs":[
    "Main",
    "Signal Attributes",
    "-Other"
   ],
   "tabs_idx":[
    0,
    5,
    15
   ]
  },
  "viewer":{
   "jshandler":"webview/handlers/ElementHandler"
  },
  "obj_viewer":[
  ],
  "finder":{
   "blocktype":"Inport",
   "masktype":""
  },
  "views":{
   "requirements":{
    "informer":"<p> No Requirements </p>",
    "viewer":[
    ]
   }
  }
 },
 {
  "sid":"house_thermal_model:2958",
  "className":"Simulink.SubSystem",
  "icon":"house_thermal_model4",
  "name":"Relay",
  "label":"Relay",
  "parent":"house_thermal_model:275",
  "inspector":{
   "params":[
    "ShowPortLabels",
    "Permissions",
    "TreatAsAtomicUnit",
    "MinAlgLoopOccurrences",
    "SystemSampleTime",
    "TreatAsGroupedWhenPropagatingVariantConditions",
    "RTWSystemCode",
    "AllowZeroVariantControls",
    "BlockChoice",
    "CompiledActiveChoiceBlock",
    "CompiledActiveChoiceControl",
    "ErrorFcn",
    "ExecutionDomainType",
    "FunctionInterfaceSpec",
    "FunctionWithSeparateData",
    "GeneratePreprocessorConditionals",
    "IsSubsystemVirtual",
    "LabelModeActiveChoice",
    "MemberBlocks",
    "PartitionName",
    "PermitHierarchicalResolution",
    "PropExecContextOutsideSubsystem",
    "PropagateVariantConditions",
    "RTWFcnName",
    "RTWFcnNameOpts",
    "RTWFileName",
    "RTWFileNameOpts",
    "RTWMemSecDataConstants",
    "RTWMemSecDataInternal",
    "RTWMemSecDataParameters",
    "RTWMemSecFuncExecute",
    "RTWMemSecFuncInitTerm",
    "ScheduleAs",
    "SetExecutionDomain",
    "TemplateBlock",
    "Variant",
    "VariantControl",
    "VariantControlMode"
   ],
   "values":[
    "FromPortIcon",
    "ReadWrite",
    "on",
    "off",
    "-1",
    "on",
    "Auto",
    "off",
    "",
    "",
    "",
    "Stateflow.Translate.translate",
    "Deduce",
    "void_void",
    "off",
    "off",
    "off",
    "",
    "",
    "",
    "ExplicitOnly",
    "off",
    "off",
    "",
    "Auto",
    "",
    "Auto",
    "Inherit from model",
    "Inherit from model",
    "Inherit from model",
    "Inherit from model",
    "Inherit from model",
    "Sample time",
    "off",
    "",
    "off",
    "",
    "Expression"
   ],
   "tabs":[
    "Main",
    "Code Generation",
    "-Other"
   ],
   "tabs_idx":[
    0,
    6,
    7
   ]
  },
  "viewer":{
   "jshandler":"webview/handlers/ElementHandler"
  },
  "obj_viewer":{
   "code":"function control = fcn(T_current,T_upper,T_lower,T_set,control_lag)\n% overshoots\n\ndT=T_set-T_current;\n\nif control_lag==1 \n    % heating\n    if (-dT>T_upper)\n        control=0;\n    else\n        control=1;\n    end\nelse\n    % not heating\n    if (dT>T_lower)\n        control=1;\n    else\n        control=0;\n    end\nend",
   "code_sid":"house_thermal_model:2958:1"
  },
  "finder":{
   "blocktype":"SubSystem",
   "masktype":""
  },
  "views":{
   "requirements":{
    "informer":"<p> No Requirements </p>",
    "viewer":[
    ]
   }
  }
 },
 {
  "sid":"house_thermal_model:2959",
  "className":"Simulink.Constant",
  "icon":"house_thermal_model3",
  "name":"Lower Histerezis",
  "label":"Lower Histerezis",
  "parent":"house_thermal_model:275",
  "inspector":{
   "params":[
    "Value",
    "VectorParams1D",
    "SampleTime",
    "OutMin",
    "OutMax",
    "OutDataTypeStr",
    "LockScale",
    "FramePeriod"
   ],
   "values":[
    "dT_histerezis",
    "on",
    "inf",
    "[]",
    "[]",
    "Inherit: Inherit from 'Constant value'",
    "off",
    "inf"
   ],
   "tabs":[
    "Main",
    "Signal Attributes",
    "-Other"
   ],
   "tabs_idx":[
    0,
    3,
    7
   ]
  },
  "viewer":{
   "jshandler":"webview/handlers/ElementHandler"
  },
  "obj_viewer":[
  ],
  "finder":{
   "blocktype":"Constant",
   "masktype":""
  },
  "views":{
   "requirements":{
    "informer":"<p> No Requirements </p>",
    "viewer":[
    ]
   }
  }
 },
 {
  "sid":"house_thermal_model:3794",
  "className":"Simulink.SFunction",
  "icon":"house_thermal_model3",
  "name":"Tapped Delay",
  "label":"Tapped Delay",
  "parent":"house_thermal_model:275",
  "inspector":{
   "params":[
    "vinit",
    "samptime",
    "NumDelays",
    "DelayOrder",
    "includeCurrent"
   ],
   "values":[
    "TinIC",
    "-1",
    "25",
    "Oldest",
    "off"
   ],
   "tabs":[
   ],
   "tabs_idx":[
   ]
  },
  "viewer":{
   "jshandler":"webview/handlers/ElementHandler"
  },
  "obj_viewer":[
  ],
  "finder":{
   "blocktype":"S-Function",
   "masktype":"Tapped Delay Line"
  },
  "views":{
   "requirements":{
    "informer":"<p> No Requirements </p>",
    "viewer":[
    ]
   }
  }
 },
 {
  "sid":"house_thermal_model:3800",
  "className":"Simulink.ToWorkspace",
  "icon":"house_thermal_model3",
  "name":"To Workspace2",
  "label":"To Workspace2",
  "parent":"house_thermal_model:275",
  "inspector":{
   "params":[
    "VariableName",
    "MaxDataPoints",
    "Decimation",
    "SaveFormat",
    "FixptAsFi",
    "SampleTime",
    "Save2DSignal"
   ],
   "values":[
    "T_ROOM_lags",
    "1",
    "1",
    "Timeseries",
    "on",
    "-1",
    "3-D array (concatenate along third dimension)"
   ],
   "tabs":[
    "Parameter Attributes",
    "-Other"
   ],
   "tabs_idx":[
    0,
    6
   ]
  },
  "viewer":{
   "jshandler":"webview/handlers/ElementHandler"
  },
  "obj_viewer":[
  ],
  "finder":{
   "blocktype":"ToWorkspace",
   "masktype":""
  },
  "views":{
   "requirements":{
    "informer":"<p> No Requirements </p>",
    "viewer":[
    ]
   }
  }
 },
 {
  "sid":"house_thermal_model:3829",
  "className":"Simulink.Scope",
  "icon":"house_thermal_model3",
  "name":"Scope",
  "label":"Scope",
  "parent":"house_thermal_model:275",
  "inspector":[
  ],
  "viewer":{
   "jshandler":"webview/handlers/ElementHandler"
  },
  "obj_viewer":[
  ],
  "finder":{
   "blocktype":"Scope",
   "masktype":""
  },
  "views":{
   "requirements":{
    "informer":"<p> No Requirements </p>",
    "viewer":[
    ]
   }
  }
 },
 {
  "sid":"house_thermal_model:3830",
  "className":"Simulink.Constant",
  "icon":"house_thermal_model3",
  "name":"Constant1",
  "label":"Constant1",
  "parent":"house_thermal_model:275",
  "inspector":{
   "params":[
    "Value",
    "VectorParams1D",
    "SampleTime",
    "OutMin",
    "OutMax",
    "OutDataTypeStr",
    "LockScale",
    "FramePeriod"
   ],
   "values":[
    "1",
    "on",
    "inf",
    "[]",
    "[]",
    "Inherit: Inherit from 'Constant value'",
    "off",
    "inf"
   ],
   "tabs":[
    "Main",
    "Signal Attributes",
    "-Other"
   ],
   "tabs_idx":[
    0,
    3,
    7
   ]
  },
  "viewer":{
   "jshandler":"webview/handlers/ElementHandler"
  },
  "obj_viewer":[
  ],
  "finder":{
   "blocktype":"Constant",
   "masktype":""
  },
  "views":{
   "requirements":{
    "informer":"<p> No Requirements </p>",
    "viewer":[
    ]
   }
  }
 },
 {
  "sid":"house_thermal_model:3831",
  "className":"Simulink.Sum",
  "icon":"house_thermal_model3",
  "name":"Add",
  "label":"Add",
  "parent":"house_thermal_model:275",
  "inspector":{
   "params":[
    "IconShape",
    "Inputs",
    "InputSameDT",
    "AccumDataTypeStr",
    "OutMin",
    "OutMax",
    "OutDataTypeStr",
    "LockScale",
    "RndMeth",
    "SaturateOnIntegerOverflow",
    "CollapseDim",
    "CollapseMode",
    "SampleTime"
   ],
   "values":[
    "rectangular",
    "++",
    "off",
    "Inherit: Inherit via internal rule",
    "[]",
    "[]",
    "Inherit: Inherit via internal rule",
    "off",
    "Floor",
    "off",
    "1",
    "All dimensions",
    "-1"
   ],
   "tabs":[
    "Main",
    "Signal Attributes",
    "-Other"
   ],
   "tabs_idx":[
    0,
    2,
    10
   ]
  },
  "viewer":{
   "jshandler":"webview/handlers/ElementHandler"
  },
  "obj_viewer":[
  ],
  "finder":{
   "blocktype":"Sum",
   "masktype":""
  },
  "views":{
   "requirements":{
    "informer":"<p> No Requirements </p>",
    "viewer":[
    ]
   }
  }
 },
 {
  "sid":"house_thermal_model:3832",
  "className":"Simulink.SubSystem",
  "icon":"house_thermal_model2",
  "name":"UpperPrediction",
  "label":"UpperPrediction",
  "parent":"house_thermal_model:275",
  "inspector":{
   "params":[
    "ShowPortLabels",
    "Permissions",
    "TreatAsAtomicUnit",
    "MinAlgLoopOccurrences",
    "SystemSampleTime",
    "TreatAsGroupedWhenPropagatingVariantConditions",
    "RTWSystemCode",
    "AllowZeroVariantControls",
    "BlockChoice",
    "CompiledActiveChoiceBlock",
    "CompiledActiveChoiceControl",
    "ErrorFcn",
    "ExecutionDomainType",
    "FunctionInterfaceSpec",
    "FunctionWithSeparateData",
    "GeneratePreprocessorConditionals",
    "IsSubsystemVirtual",
    "LabelModeActiveChoice",
    "MemberBlocks",
    "PartitionName",
    "PermitHierarchicalResolution",
    "PropExecContextOutsideSubsystem",
    "PropagateVariantConditions",
    "RTWFcnName",
    "RTWFcnNameOpts",
    "RTWFileName",
    "RTWFileNameOpts",
    "RTWMemSecDataConstants",
    "RTWMemSecDataInternal",
    "RTWMemSecDataParameters",
    "RTWMemSecFuncExecute",
    "RTWMemSecFuncInitTerm",
    "ScheduleAs",
    "SetExecutionDomain",
    "TemplateBlock",
    "Variant",
    "VariantControl",
    "VariantControlMode"
   ],
   "values":[
    "FromPortIcon",
    "ReadWrite",
    "on",
    "off",
    "-1",
    "on",
    "Auto",
    "off",
    "",
    "",
    "",
    "",
    "Deduce",
    "void_void",
    "off",
    "off",
    "off",
    "",
    "",
    "",
    "All",
    "off",
    "off",
    "",
    "Auto",
    "",
    "Auto",
    "Inherit from model",
    "Inherit from model",
    "Inherit from model",
    "Inherit from model",
    "Inherit from model",
    "Sample time",
    "off",
    "",
    "off",
    "",
    "Expression"
   ],
   "tabs":[
    "Main",
    "Code Generation",
    "-Other"
   ],
   "tabs_idx":[
    0,
    6,
    7
   ]
  },
  "viewer":{
   "jshandler":"webview/handlers/ContainerHandler"
  },
  "obj_viewer":[
  ],
  "finder":{
   "blocktype":"SubSystem",
   "masktype":""
  },
  "views":{
   "requirements":{
    "informer":"<p> No Requirements </p>",
    "viewer":[
    ]
   }
  }
 },
 {
  "sid":"house_thermal_model:278#out:1",
  "className":"Simulink.Line",
  "icon":"house_thermal_model5",
  "name":"T_Room",
  "label":"T_Room",
  "parent":"house_thermal_model:275",
  "inspector":{
   "params":[
    "SignalNameFromLabel",
    "MustResolveToSignal",
    "ShowPropagatedSignal",
    "DataLogging",
    "TestPoint",
    "SignalObjectPackage",
    "StorageClass",
    "Description",
    "documentLink"
   ],
   "values":[
    "T_Room",
    "off",
    "off",
    "off",
    "off",
    "Simulink",
    "Auto",
    "",
    ""
   ],
   "tabs":[
    "Parameter Attributes",
    "Logging and Accessibility",
    "Code Generation",
    "Documentation"
   ],
   "tabs_idx":[
    0,
    3,
    5,
    7
   ]
  },
  "viewer":{
   "jshandler":"webview/handlers/ElementHandler"
  },
  "obj_viewer":[
  ],
  "finder":[
  ],
  "views":{
   "requirements":{
    "informer":[
    ],
    "viewer":[
    ]
   }
  }
 },
 {
  "sid":"house_thermal_model:2958#out:1",
  "className":"Simulink.Line",
  "icon":"house_thermal_model5",
  "name":"",
  "label":"",
  "parent":"house_thermal_model:275",
  "inspector":{
   "params":[
    "SignalNameFromLabel",
    "MustResolveToSignal",
    "ShowPropagatedSignal",
    "DataLogging",
    "TestPoint",
    "SignalObjectPackage",
    "StorageClass",
    "Description",
    "documentLink"
   ],
   "values":[
    "",
    "off",
    "off",
    "off",
    "off",
    "Simulink",
    "Auto",
    "",
    ""
   ],
   "tabs":[
    "Parameter Attributes",
    "Logging and Accessibility",
    "Code Generation",
    "Documentation"
   ],
   "tabs_idx":[
    0,
    3,
    5,
    7
   ]
  },
  "viewer":{
   "jshandler":"webview/handlers/ElementHandler"
  },
  "obj_viewer":[
  ],
  "finder":[
  ],
  "views":{
   "requirements":{
    "informer":[
    ],
    "viewer":[
    ]
   }
  }
 },
 {
  "sid":"house_thermal_model:1131#out:1",
  "className":"Simulink.Line",
  "icon":"house_thermal_model5",
  "name":"",
  "label":"",
  "parent":"house_thermal_model:275",
  "inspector":{
   "params":[
    "SignalNameFromLabel",
    "MustResolveToSignal",
    "ShowPropagatedSignal",
    "DataLogging",
    "TestPoint",
    "SignalObjectPackage",
    "StorageClass",
    "Description",
    "documentLink"
   ],
   "values":[
    "",
    "off",
    "off",
    "off",
    "off",
    "Simulink",
    "Auto",
    "",
    ""
   ],
   "tabs":[
    "Parameter Attributes",
    "Logging and Accessibility",
    "Code Generation",
    "Documentation"
   ],
   "tabs_idx":[
    0,
    3,
    5,
    7
   ]
  },
  "viewer":{
   "jshandler":"webview/handlers/ElementHandler"
  },
  "obj_viewer":[
  ],
  "finder":[
  ],
  "views":{
   "requirements":{
    "informer":[
    ],
    "viewer":[
    ]
   }
  }
 },
 {
  "sid":"house_thermal_model:1039#out:1",
  "className":"Simulink.Line",
  "icon":"house_thermal_model5",
  "name":"Thermostate_Switch",
  "label":"Thermostate_Switch",
  "parent":"house_thermal_model:275",
  "inspector":{
   "params":[
    "SignalNameFromLabel",
    "MustResolveToSignal",
    "ShowPropagatedSignal",
    "DataLogging",
    "TestPoint",
    "SignalObjectPackage",
    "StorageClass",
    "Description",
    "documentLink"
   ],
   "values":[
    "Thermostate_Switch",
    "off",
    "off",
    "off",
    "off",
    "Simulink",
    "Auto",
    "",
    ""
   ],
   "tabs":[
    "Parameter Attributes",
    "Logging and Accessibility",
    "Code Generation",
    "Documentation"
   ],
   "tabs_idx":[
    0,
    3,
    5,
    7
   ]
  },
  "viewer":{
   "jshandler":"webview/handlers/ElementHandler"
  },
  "obj_viewer":[
  ],
  "finder":[
  ],
  "views":{
   "requirements":{
    "informer":[
    ],
    "viewer":[
    ]
   }
  }
 },
 {
  "sid":"house_thermal_model:2959#out:1",
  "className":"Simulink.Line",
  "icon":"house_thermal_model5",
  "name":"",
  "label":"",
  "parent":"house_thermal_model:275",
  "inspector":{
   "params":[
    "SignalNameFromLabel",
    "MustResolveToSignal",
    "ShowPropagatedSignal",
    "DataLogging",
    "TestPoint",
    "SignalObjectPackage",
    "StorageClass",
    "Description",
    "documentLink"
   ],
   "values":[
    "",
    "off",
    "off",
    "off",
    "off",
    "Simulink",
    "Auto",
    "",
    ""
   ],
   "tabs":[
    "Parameter Attributes",
    "Logging and Accessibility",
    "Code Generation",
    "Documentation"
   ],
   "tabs_idx":[
    0,
    3,
    5,
    7
   ]
  },
  "viewer":{
   "jshandler":"webview/handlers/ElementHandler"
  },
  "obj_viewer":[
  ],
  "finder":[
  ],
  "views":{
   "requirements":{
    "informer":[
    ],
    "viewer":[
    ]
   }
  }
 },
 {
  "sid":"house_thermal_model:2957#out:1",
  "className":"Simulink.Line",
  "icon":"house_thermal_model5",
  "name":"",
  "label":"",
  "parent":"house_thermal_model:275",
  "inspector":{
   "params":[
    "SignalNameFromLabel",
    "MustResolveToSignal",
    "ShowPropagatedSignal",
    "DataLogging",
    "TestPoint",
    "SignalObjectPackage",
    "StorageClass",
    "Description",
    "documentLink"
   ],
   "values":[
    "",
    "off",
    "off",
    "off",
    "off",
    "Simulink",
    "Auto",
    "",
    ""
   ],
   "tabs":[
    "Parameter Attributes",
    "Logging and Accessibility",
    "Code Generation",
    "Documentation"
   ],
   "tabs_idx":[
    0,
    3,
    5,
    7
   ]
  },
  "viewer":{
   "jshandler":"webview/handlers/ElementHandler"
  },
  "obj_viewer":[
  ],
  "finder":[
  ],
  "views":{
   "requirements":{
    "informer":[
    ],
    "viewer":[
    ]
   }
  }
 },
 {
  "sid":"house_thermal_model:3794#out:1",
  "className":"Simulink.Line",
  "icon":"house_thermal_model5",
  "name":"",
  "label":"",
  "parent":"house_thermal_model:275",
  "inspector":{
   "params":[
    "SignalNameFromLabel",
    "MustResolveToSignal",
    "ShowPropagatedSignal",
    "DataLogging",
    "TestPoint",
    "SignalObjectPackage",
    "StorageClass",
    "Description",
    "documentLink"
   ],
   "values":[
    "",
    "off",
    "off",
    "off",
    "off",
    "Simulink",
    "Auto",
    "",
    ""
   ],
   "tabs":[
    "Parameter Attributes",
    "Logging and Accessibility",
    "Code Generation",
    "Documentation"
   ],
   "tabs_idx":[
    0,
    3,
    5,
    7
   ]
  },
  "viewer":{
   "jshandler":"webview/handlers/ElementHandler"
  },
  "obj_viewer":[
  ],
  "finder":[
  ],
  "views":{
   "requirements":{
    "informer":[
    ],
    "viewer":[
    ]
   }
  }
 },
 {
  "sid":"house_thermal_model:3830#out:1",
  "className":"Simulink.Line",
  "icon":"house_thermal_model5",
  "name":"",
  "label":"",
  "parent":"house_thermal_model:275",
  "inspector":{
   "params":[
    "SignalNameFromLabel",
    "MustResolveToSignal",
    "ShowPropagatedSignal",
    "DataLogging",
    "TestPoint",
    "SignalObjectPackage",
    "StorageClass",
    "Description",
    "documentLink"
   ],
   "values":[
    "",
    "off",
    "off",
    "off",
    "off",
    "Simulink",
    "Auto",
    "",
    ""
   ],
   "tabs":[
    "Parameter Attributes",
    "Logging and Accessibility",
    "Code Generation",
    "Documentation"
   ],
   "tabs_idx":[
    0,
    3,
    5,
    7
   ]
  },
  "viewer":{
   "jshandler":"webview/handlers/ElementHandler"
  },
  "obj_viewer":[
  ],
  "finder":[
  ],
  "views":{
   "requirements":{
    "informer":[
    ],
    "viewer":[
    ]
   }
  }
 },
 {
  "sid":"house_thermal_model:3831#out:1",
  "className":"Simulink.Line",
  "icon":"house_thermal_model5",
  "name":"",
  "label":"",
  "parent":"house_thermal_model:275",
  "inspector":{
   "params":[
    "SignalNameFromLabel",
    "MustResolveToSignal",
    "ShowPropagatedSignal",
    "DataLogging",
    "TestPoint",
    "SignalObjectPackage",
    "StorageClass",
    "Description",
    "documentLink"
   ],
   "values":[
    "",
    "off",
    "off",
    "off",
    "off",
    "Simulink",
    "Auto",
    "",
    ""
   ],
   "tabs":[
    "Parameter Attributes",
    "Logging and Accessibility",
    "Code Generation",
    "Documentation"
   ],
   "tabs_idx":[
    0,
    3,
    5,
    7
   ]
  },
  "viewer":{
   "jshandler":"webview/handlers/ElementHandler"
  },
  "obj_viewer":[
  ],
  "finder":[
  ],
  "views":{
   "requirements":{
    "informer":[
    ],
    "viewer":[
    ]
   }
  }
 },
 {
  "sid":"house_thermal_model:276#out:1",
  "className":"Simulink.Line",
  "icon":"house_thermal_model5",
  "name":"",
  "label":"",
  "parent":"house_thermal_model:275",
  "inspector":{
   "params":[
    "SignalNameFromLabel",
    "MustResolveToSignal",
    "ShowPropagatedSignal",
    "DataLogging",
    "TestPoint",
    "SignalObjectPackage",
    "StorageClass",
    "Description",
    "documentLink"
   ],
   "values":[
    "",
    "off",
    "off",
    "off",
    "off",
    "Simulink",
    "Auto",
    "",
    ""
   ],
   "tabs":[
    "Parameter Attributes",
    "Logging and Accessibility",
    "Code Generation",
    "Documentation"
   ],
   "tabs_idx":[
    0,
    3,
    5,
    7
   ]
  },
  "viewer":{
   "jshandler":"webview/handlers/ElementHandler"
  },
  "obj_viewer":[
  ],
  "finder":[
  ],
  "views":{
   "requirements":{
    "informer":[
    ],
    "viewer":[
    ]
   }
  }
 },
 {
  "sid":"house_thermal_model:379#out:1",
  "className":"Simulink.Line",
  "icon":"house_thermal_model5",
  "name":"",
  "label":"",
  "parent":"house_thermal_model:275",
  "inspector":{
   "params":[
    "SignalNameFromLabel",
    "MustResolveToSignal",
    "ShowPropagatedSignal",
    "DataLogging",
    "TestPoint",
    "SignalObjectPackage",
    "StorageClass",
    "Description",
    "documentLink"
   ],
   "values":[
    "",
    "off",
    "off",
    "off",
    "off",
    "Simulink",
    "Auto",
    "",
    ""
   ],
   "tabs":[
    "Parameter Attributes",
    "Logging and Accessibility",
    "Code Generation",
    "Documentation"
   ],
   "tabs_idx":[
    0,
    3,
    5,
    7
   ]
  },
  "viewer":{
   "jshandler":"webview/handlers/ElementHandler"
  },
  "obj_viewer":[
  ],
  "finder":[
  ],
  "views":{
   "requirements":{
    "informer":[
    ],
    "viewer":[
    ]
   }
  }
 },
 {
  "sid":"house_thermal_model:3832#out:1",
  "className":"Simulink.Line",
  "icon":"house_thermal_model5",
  "name":"",
  "label":"",
  "parent":"house_thermal_model:275",
  "inspector":{
   "params":[
    "SignalNameFromLabel",
    "MustResolveToSignal",
    "ShowPropagatedSignal",
    "DataLogging",
    "TestPoint",
    "SignalObjectPackage",
    "StorageClass",
    "Description",
    "documentLink"
   ],
   "values":[
    "",
    "off",
    "off",
    "off",
    "off",
    "Simulink",
    "Auto",
    "",
    ""
   ],
   "tabs":[
    "Parameter Attributes",
    "Logging and Accessibility",
    "Code Generation",
    "Documentation"
   ],
   "tabs_idx":[
    0,
    3,
    5,
    7
   ]
  },
  "viewer":{
   "jshandler":"webview/handlers/ElementHandler"
  },
  "obj_viewer":[
  ],
  "finder":[
  ],
  "views":{
   "requirements":{
    "informer":[
    ],
    "viewer":[
    ]
   }
  }
 }
]